path,year,train_size,n_selected,selected_variables,actual,predicted,error,abs_error,squared_error,ape,meta_alpha,meta_l1_ratio,meta_n_selected,meta_selected_features,meta_inner_cv_splits,meta_n_steps,meta_final_bic,meta_median_importance,meta_top_variable,meta_final_max_vif
elastic_net,1993,27,9,d_pm25_lag0 | d_pm25_lag1 | d_pm25_lag2 | d_gov_health_exp_pct_gdp_lag0 | d_gov_health_exp_pct_gdp_lag1 | d_gov_health_exp_pct_gdp_lag2 | d_household_pm_lag1 | d_household_pm_lag2 | trend,-17.86153650299184,38.16885952549224,-56.03039602848408,56.03039602848408,3139.4052791087643,313.69303541774747,1.0,0.5,9.0,d_pm25_lag0 | d_pm25_lag1 | d_pm25_lag2 | d_gov_health_exp_pct_gdp_lag0 | d_gov_health_exp_pct_gdp_lag1 | d_gov_health_exp_pct_gdp_lag2 | d_household_pm_lag1 | d_household_pm_lag2 | trend,5.0,,,,,
elastic_net,1994,27,9,d_pm25_lag0 | d_pm25_lag1 | d_pm25_lag2 | d_gov_health_exp_pct_gdp_lag0 | d_gov_health_exp_pct_gdp_lag1 | d_gov_health_exp_pct_gdp_lag2 | d_household_pm_lag1 | d_household_pm_lag2 | trend,-21.03705894299992,6.544524791102705,-27.581583734102626,27.581583734102626,760.7437612813145,131.10950446464568,1.0,0.5,9.0,d_pm25_lag0 | d_pm25_lag1 | d_pm25_lag2 | d_gov_health_exp_pct_gdp_lag0 | d_gov_health_exp_pct_gdp_lag1 | d_gov_health_exp_pct_gdp_lag2 | d_household_pm_lag1 | d_household_pm_lag2 | trend,5.0,,,,,
elastic_net,1995,27,9,d_pm25_lag0 | d_pm25_lag1 | d_pm25_lag2 | d_gov_health_exp_pct_gdp_lag0 | d_gov_health_exp_pct_gdp_lag1 | d_gov_health_exp_pct_gdp_lag2 | d_household_pm_lag1 | d_household_pm_lag2 | trend,-20.03902206756038,5.126736994453573,-25.165759062013954,25.165759062013954,633.3154291673375,125.58376839532927,1.0,0.5,9.0,d_pm25_lag0 | d_pm25_lag1 | d_pm25_lag2 | d_gov_health_exp_pct_gdp_lag0 | d_gov_health_exp_pct_gdp_lag1 | d_gov_health_exp_pct_gdp_lag2 | d_household_pm_lag1 | d_household_pm_lag2 | trend,5.0,,,,,
elastic_net,1996,27,9,d_pm25_lag0 | d_pm25_lag1 | d_pm25_lag2 | d_gov_health_exp_pct_gdp_lag0 | d_gov_health_exp_pct_gdp_lag1 | d_gov_health_exp_pct_gdp_lag2 | d_household_pm_lag1 | d_household_pm_lag2 | trend,-19.217960152687738,-18.756810560327054,-0.46114959236068387,0.46114959236068387,0.2126589465344249,2.3995761709194174,1.0,0.5,9.0,d_pm25_lag0 | d_pm25_lag1 | d_pm25_lag2 | d_gov_health_exp_pct_gdp_lag0 | d_gov_health_exp_pct_gdp_lag1 | d_gov_health_exp_pct_gdp_lag2 | d_household_pm_lag1 | d_household_pm_lag2 | trend,5.0,,,,,
elastic_net,1997,27,8,d_pm25_lag0 | d_pm25_lag1 | d_pm25_lag2 | d_gov_health_exp_pct_gdp_lag1 | d_gov_health_exp_pct_gdp_lag2 | d_household_pm_lag1 | d_household_pm_lag2 | trend,-16.549919086077807,-18.293751262769927,1.7438321766921199,1.7438321766921199,3.040950660466777,10.536801827382188,1.0,0.3,8.0,d_pm25_lag0 | d_pm25_lag1 | d_pm25_lag2 | d_gov_health_exp_pct_gdp_lag1 | d_gov_health_exp_pct_gdp_lag2 | d_household_pm_lag1 | d_household_pm_lag2 | trend,5.0,,,,,
elastic_net,1998,27,9,d_pm25_lag0 | d_pm25_lag1 | d_pm25_lag2 | d_gov_health_exp_pct_gdp_lag0 | d_gov_health_exp_pct_gdp_lag1 | d_gov_health_exp_pct_gdp_lag2 | d_household_pm_lag1 | d_household_pm_lag2 | trend,-2.391319081108122,-0.945279024516509,-1.4460400565916132,1.4460400565916132,2.0910318452674757,60.47039343329822,1.0,0.3,9.0,d_pm25_lag0 | d_pm25_lag1 | d_pm25_lag2 | d_gov_health_exp_pct_gdp_lag0 | d_gov_health_exp_pct_gdp_lag1 | d_gov_health_exp_pct_gdp_lag2 | d_household_pm_lag1 | d_household_pm_lag2 | trend,5.0,,,,,
elastic_net,1999,27,8,d_pm25_lag0 | d_pm25_lag1 | d_pm25_lag2 | d_gov_health_exp_pct_gdp_lag1 | d_gov_health_exp_pct_gdp_lag2 | d_household_pm_lag1 | d_household_pm_lag2 | trend,7.468850138204743,11.273868687162636,-3.805018548957893,3.805018548957893,14.478166157913629,50.945171995009254,1.0,0.3,8.0,d_pm25_lag0 | d_pm25_lag1 | d_pm25_lag2 | d_gov_health_exp_pct_gdp_lag1 | d_gov_health_exp_pct_gdp_lag2 | d_household_pm_lag1 | d_household_pm_lag2 | trend,5.0,,,,,
elastic_net,2000,27,9,d_pm25_lag0 | d_pm25_lag1 | d_pm25_lag2 | d_gov_health_exp_pct_gdp_lag0 | d_gov_health_exp_pct_gdp_lag1 | d_gov_health_exp_pct_gdp_lag2 | d_household_pm_lag1 | d_household_pm_lag2 | trend,32.81432734755754,-19.64228671777305,52.456614065330584,52.456614065330584,2751.6963591990384,159.8588735637608,1.0,0.5,9.0,d_pm25_lag0 | d_pm25_lag1 | d_pm25_lag2 | d_gov_health_exp_pct_gdp_lag0 | d_gov_health_exp_pct_gdp_lag1 | d_gov_health_exp_pct_gdp_lag2 | d_household_pm_lag1 | d_household_pm_lag2 | trend,5.0,,,,,
elastic_net,2001,27,8,d_pm25_lag0 | d_pm25_lag1 | d_pm25_lag2 | d_gov_health_exp_pct_gdp_lag0 | d_gov_health_exp_pct_gdp_lag2 | d_household_pm_lag1 | d_household_pm_lag2 | trend,15.718581610697129,-30.628180771413618,46.34676238211075,46.34676238211075,2148.022383303836,294.85333683396664,1.0,0.5,8.0,d_pm25_lag0 | d_pm25_lag1 | d_pm25_lag2 | d_gov_health_exp_pct_gdp_lag0 | d_gov_health_exp_pct_gdp_lag2 | d_household_pm_lag1 | d_household_pm_lag2 | trend,5.0,,,,,
elastic_net,2002,27,8,d_pm25_lag0 | d_pm25_lag1 | d_pm25_lag2 | d_gov_health_exp_pct_gdp_lag1 | d_gov_health_exp_pct_gdp_lag2 | d_household_pm_lag1 | d_household_pm_lag2 | trend,-0.4135780386586702,-24.18156658735094,23.76798854869227,23.76798854869227,564.9172796507669,5746.917468291446,1.0,0.3,8.0,d_pm25_lag0 | d_pm25_lag1 | d_pm25_lag2 | d_gov_health_exp_pct_gdp_lag1 | d_gov_health_exp_pct_gdp_lag2 | d_household_pm_lag1 | d_household_pm_lag2 | trend,5.0,,,,,
elastic_net,2003,27,10,d_pm25_lag0 | d_pm25_lag1 | d_pm25_lag2 | d_gov_health_exp_pct_gdp_lag0 | d_gov_health_exp_pct_gdp_lag1 | d_gov_health_exp_pct_gdp_lag2 | d_household_pm_lag1 | d_household_pm_lag2 | d_ageing_65_plus_lag1 | trend,-2.3701035241242607,-67.30029947759868,64.93019595347442,64.93019595347442,4215.930346556586,2739.5510488287955,1.0,0.7,10.0,d_pm25_lag0 | d_pm25_lag1 | d_pm25_lag2 | d_gov_health_exp_pct_gdp_lag0 | d_gov_health_exp_pct_gdp_lag1 | d_gov_health_exp_pct_gdp_lag2 | d_household_pm_lag1 | d_household_pm_lag2 | d_ageing_65_plus_lag1 | trend,5.0,,,,,
elastic_net,2004,27,10,d_pm25_lag0 | d_pm25_lag1 | d_pm25_lag2 | d_gov_health_exp_pct_gdp_lag0 | d_gov_health_exp_pct_gdp_lag1 | d_gov_health_exp_pct_gdp_lag2 | d_household_pm_lag1 | d_household_pm_lag2 | d_ageing_65_plus_lag1 | trend,-17.107920671110605,-54.883887645761625,37.77596697465102,37.77596697465102,1427.0236808699244,220.80980909878565,1.0,0.5,10.0,d_pm25_lag0 | d_pm25_lag1 | d_pm25_lag2 | d_gov_health_exp_pct_gdp_lag0 | d_gov_health_exp_pct_gdp_lag1 | d_gov_health_exp_pct_gdp_lag2 | d_household_pm_lag1 | d_household_pm_lag2 | d_ageing_65_plus_lag1 | trend,5.0,,,,,
elastic_net,2005,27,9,d_pm25_lag0 | d_pm25_lag1 | d_pm25_lag2 | d_gov_health_exp_pct_gdp_lag0 | d_gov_health_exp_pct_gdp_lag2 | d_household_pm_lag1 | d_household_pm_lag2 | d_ageing_65_plus_lag1 | trend,-89.73307309932102,-81.99090234980142,-7.742170749519602,7.742170749519602,59.94120791471691,8.62800134009696,1.0,0.1,9.0,d_pm25_lag0 | d_pm25_lag1 | d_pm25_lag2 | d_gov_health_exp_pct_gdp_lag0 | d_gov_health_exp_pct_gdp_lag2 | d_household_pm_lag1 | d_household_pm_lag2 | d_ageing_65_plus_lag1 | trend,5.0,,,,,
elastic_net,2006,27,8,d_pm25_lag1 | d_pm25_lag2 | d_gov_health_exp_pct_gdp_lag0 | d_gov_health_exp_pct_gdp_lag2 | d_household_pm_lag1 | d_household_pm_lag2 | d_ageing_65_plus_lag1 | trend,-150.70617003087295,-87.21229734833359,-63.49387268253936,63.49387268253936,4031.4718682265184,42.130904573802326,1.0,0.3,8.0,d_pm25_lag1 | d_pm25_lag2 | d_gov_health_exp_pct_gdp_lag0 | d_gov_health_exp_pct_gdp_lag2 | d_household_pm_lag1 | d_household_pm_lag2 | d_ageing_65_plus_lag1 | trend,5.0,,,,,
elastic_net,2007,27,7,d_pm25_lag0 | d_pm25_lag2 | d_gov_health_exp_pct_gdp_lag0 | d_gov_health_exp_pct_gdp_lag2 | d_household_pm_lag1 | d_household_pm_lag2 | trend,-108.95783919290216,-108.73196070534559,-0.22587848755657092,0.22587848755657092,0.051021091140843966,0.207308156282972,1.0,0.3,7.0,d_pm25_lag0 | d_pm25_lag2 | d_gov_health_exp_pct_gdp_lag0 | d_gov_health_exp_pct_gdp_lag2 | d_household_pm_lag1 | d_household_pm_lag2 | trend,5.0,,,,,
elastic_net,2008,27,10,d_pm25_lag0 | d_pm25_lag1 | d_pm25_lag2 | d_gov_health_exp_pct_gdp_lag0 | d_gov_health_exp_pct_gdp_lag1 | d_gov_health_exp_pct_gdp_lag2 | d_household_pm_lag1 | d_household_pm_lag2 | d_ageing_65_plus_lag1 | trend,-88.5379620947358,-98.4222165835432,9.8842544888074,9.8842544888074,97.69848679950924,11.163860399487428,1.0,0.1,10.0,d_pm25_lag0 | d_pm25_lag1 | d_pm25_lag2 | d_gov_health_exp_pct_gdp_lag0 | d_gov_health_exp_pct_gdp_lag1 | d_gov_health_exp_pct_gdp_lag2 | d_household_pm_lag1 | d_household_pm_lag2 | d_ageing_65_plus_lag1 | trend,5.0,,,,,
elastic_net,2009,27,10,d_pm25_lag0 | d_pm25_lag1 | d_pm25_lag2 | d_gov_health_exp_pct_gdp_lag0 | d_gov_health_exp_pct_gdp_lag1 | d_gov_health_exp_pct_gdp_lag2 | d_household_pm_lag1 | d_household_pm_lag2 | d_ageing_65_plus_lag1 | trend,-86.79190861827783,-70.7317542471281,-16.060154371149736,16.060154371149736,257.92855842515996,18.50420693222037,1.0,0.1,10.0,d_pm25_lag0 | d_pm25_lag1 | d_pm25_lag2 | d_gov_health_exp_pct_gdp_lag0 | d_gov_health_exp_pct_gdp_lag1 | d_gov_health_exp_pct_gdp_lag2 | d_household_pm_lag1 | d_household_pm_lag2 | d_ageing_65_plus_lag1 | trend,5.0,,,,,
elastic_net,2010,27,10,d_pm25_lag0 | d_pm25_lag1 | d_pm25_lag2 | d_gov_health_exp_pct_gdp_lag0 | d_gov_health_exp_pct_gdp_lag1 | d_gov_health_exp_pct_gdp_lag2 | d_household_pm_lag1 | d_household_pm_lag2 | d_ageing_65_plus_lag1 | trend,-91.64463053219151,-67.2986609467993,-24.34596958539221,24.34596958539221,592.7262350528426,26.565625769902944,1.0,0.3,10.0,d_pm25_lag0 | d_pm25_lag1 | d_pm25_lag2 | d_gov_health_exp_pct_gdp_lag0 | d_gov_health_exp_pct_gdp_lag1 | d_gov_health_exp_pct_gdp_lag2 | d_household_pm_lag1 | d_household_pm_lag2 | d_ageing_65_plus_lag1 | trend,5.0,,,,,
elastic_net,2011,27,3,d_household_pm_lag1 | d_household_pm_lag2 | trend,-93.5106857576302,-100.09452492019872,6.583839162568523,6.583839162568523,43.346938118570996,7.040734552661861,10.0,0.9,3.0,d_household_pm_lag1 | d_household_pm_lag2 | trend,5.0,,,,,
elastic_net,2012,27,3,d_household_pm_lag1 | d_household_pm_lag2 | trend,-90.94008355707616,-64.91497365321416,-26.025109903862003,26.025109903862003,677.3063455080961,28.617864516836544,10.0,0.9,3.0,d_household_pm_lag1 | d_household_pm_lag2 | trend,5.0,,,,,
elastic_net,2013,27,3,d_household_pm_lag1 | d_household_pm_lag2 | trend,-75.44015958354521,-56.24191284480074,-19.198246738744473,19.198246738744473,368.5726778417128,25.44831140963273,10.0,0.9,3.0,d_household_pm_lag1 | d_household_pm_lag2 | trend,5.0,,,,,
elastic_net,2014,27,9,d_pm25_lag0 | d_pm25_lag1 | d_pm25_lag2 | d_gov_health_exp_pct_gdp_lag1 | d_gov_health_exp_pct_gdp_lag2 | d_household_pm_lag1 | d_household_pm_lag2 | d_ageing_65_plus_lag1 | trend,-64.27824095142887,-109.36200432597892,45.083763374550045,45.083763374550045,2032.5457200124201,70.13845230863906,1.0,0.1,9.0,d_pm25_lag0 | d_pm25_lag1 | d_pm25_lag2 | d_gov_health_exp_pct_gdp_lag1 | d_gov_health_exp_pct_gdp_lag2 | d_household_pm_lag1 | d_household_pm_lag2 | d_ageing_65_plus_lag1 | trend,5.0,,,,,
elastic_net,2015,27,9,d_pm25_lag0 | d_pm25_lag1 | d_pm25_lag2 | d_gov_health_exp_pct_gdp_lag0 | d_gov_health_exp_pct_gdp_lag1 | d_gov_health_exp_pct_gdp_lag2 | d_household_pm_lag1 | d_household_pm_lag2 | trend,-53.18677210322858,-5.325447783644824,-47.86132431958375,47.86132431958375,2290.706365624379,89.98727019321868,1.0,0.1,9.0,d_pm25_lag0 | d_pm25_lag1 | d_pm25_lag2 | d_gov_health_exp_pct_gdp_lag0 | d_gov_health_exp_pct_gdp_lag1 | d_gov_health_exp_pct_gdp_lag2 | d_household_pm_lag1 | d_household_pm_lag2 | trend,5.0,,,,,
elastic_net,2016,27,3,d_household_pm_lag1 | d_household_pm_lag2 | trend,-33.78635602776217,-49.57072334933345,15.784367321571281,15.784367321571281,249.14625174228735,46.71817022410261,10.0,0.9,3.0,d_household_pm_lag1 | d_household_pm_lag2 | trend,5.0,,,,,
elastic_net,2017,27,3,d_household_pm_lag1 | d_household_pm_lag2 | trend,-34.311114933573435,-48.581976663300196,14.27086172972676,14.27086172972676,203.65749450897988,41.592532791065665,10.0,0.9,3.0,d_household_pm_lag1 | d_household_pm_lag2 | trend,5.0,,,,,
elastic_net,2018,27,3,d_household_pm_lag1 | d_household_pm_lag2 | trend,-39.47299720698686,-51.550035850788944,12.077038643802084,12.077038643802084,145.85486240388886,30.59569705455355,10.0,0.9,3.0,d_household_pm_lag1 | d_household_pm_lag2 | trend,5.0,,,,,
elastic_net,2019,27,3,d_household_pm_lag1 | d_household_pm_lag2 | trend,-38.00549879155619,-46.78545951462712,8.779960723070928,8.779960723070928,77.08771029866818,23.10181684820198,10.0,0.9,3.0,d_household_pm_lag1 | d_household_pm_lag2 | trend,5.0,,,,,
elastic_net,2020,27,10,d_pm25_lag0 | d_pm25_lag1 | d_pm25_lag2 | d_gov_health_exp_pct_gdp_lag0 | d_gov_health_exp_pct_gdp_lag1 | d_gov_health_exp_pct_gdp_lag2 | d_household_pm_lag1 | d_household_pm_lag2 | d_ageing_65_plus_lag1 | trend,-72.27101749706401,-17.82256425391306,-54.44845324315095,54.44845324315095,2964.6340605715955,75.3392647963797,1.0,0.1,10.0,d_pm25_lag0 | d_pm25_lag1 | d_pm25_lag2 | d_gov_health_exp_pct_gdp_lag0 | d_gov_health_exp_pct_gdp_lag1 | d_gov_health_exp_pct_gdp_lag2 | d_household_pm_lag1 | d_household_pm_lag2 | d_ageing_65_plus_lag1 | trend,5.0,,,,,
backward_elimination,1993,27,3,d_household_pm_lag1 | d_household_pm_lag2 | trend,-17.86153650299184,38.29270232427852,-56.15423882727036,56.15423882727036,3153.298538270118,314.38638449645373,,,,,,8.0,260.43824708467116,,,
backward_elimination,1994,27,4,d_household_pm_lag1 | d_household_pm_lag2 | d_ageing_65_plus_lag1 | trend,-21.03705894299992,-0.8239004833818324,-20.213158459618086,20.213158459618086,408.5717749136302,96.08357572408673,,,,,,7.0,261.9920479964976,,,
backward_elimination,1995,27,4,d_household_pm_lag1 | d_household_pm_lag2 | d_ageing_65_plus_lag1 | trend,-20.03902206756038,-4.927138580412802,-15.11188348714758,15.11188348714758,228.3690225291237,75.41228028093764,,,,,,7.0,262.2202244588563,,,
backward_elimination,1996,27,4,d_household_pm_lag1 | d_household_pm_lag2 | d_ageing_65_plus_lag1 | trend,-19.217960152687738,-8.578324168912006,-10.639635983775731,10.639635983775731,113.20185386725537,55.36298285168273,,,,,,7.0,262.40890047145854,,,
backward_elimination,1997,27,4,d_household_pm_lag1 | d_household_pm_lag2 | d_ageing_65_plus_lag1 | trend,-16.549919086077807,0.670270976791997,-17.220190062869804,17.220190062869804,296.5349458013599,104.04999549125196,,,,,,7.0,262.12032381519424,,,
backward_elimination,1998,27,4,d_household_pm_lag1 | d_household_pm_lag2 | d_ageing_65_plus_lag1 | trend,-2.391319081108122,10.91430810896649,-13.305627190074611,13.305627190074611,177.0397149212528,556.4137088685325,,,,,,7.0,262.3255747207597,,,
backward_elimination,1999,27,4,d_household_pm_lag1 | d_household_pm_lag2 | d_ageing_65_plus_lag1 | trend,7.468850138204743,36.343414743436426,-28.874564605231683,28.874564605231683,833.7404811416983,386.5998657213939,,,,,,7.0,261.5143697566495,,,
backward_elimination,2000,27,4,d_household_pm_lag1 | d_household_pm_lag2 | d_ageing_65_plus_lag1 | trend,32.81432734755754,-4.038701729897834,36.853029077455375,36.853029077455375,1358.1457521837713,112.30773889442061,,,,,,7.0,260.23174282883355,,,
backward_elimination,2001,27,4,d_household_pm_lag1 | d_household_pm_lag2 | d_ageing_65_plus_lag1 | trend,15.718581610697129,-24.495055963130895,40.213637573828024,40.213637573828024,1617.136646919193,255.83502742041952,,,,,,7.0,259.5721234704471,,,
backward_elimination,2002,27,4,d_household_pm_lag1 | d_household_pm_lag2 | d_ageing_65_plus_lag1 | trend,-0.4135780386586702,-32.47175377080898,32.05817573215031,32.05817573215031,1027.7266312734312,7751.421191541608,,,,,,7.0,260.68966616989877,,,
backward_elimination,2003,27,5,d_gov_health_exp_pct_gdp_lag2 | d_household_pm_lag1 | d_household_pm_lag2 | d_ageing_65_plus_lag1 | trend,-2.3701035241242607,-63.393542148980906,61.023438624856645,61.023438624856645,3723.860061601646,2574.716167615693,,,,,,6.0,256.7245388987784,,,
backward_elimination,2004,27,4,d_household_pm_lag1 | d_household_pm_lag2 | d_ageing_65_plus_lag1 | trend,-17.107920671110605,-60.1633671604277,43.05544648931709,43.05544648931709,1853.7714723944475,251.66966411074685,,,,,,7.0,259.090967078173,,,
backward_elimination,2005,27,4,d_household_pm_lag1 | d_household_pm_lag2 | d_ageing_65_plus_lag1 | trend,-89.73307309932102,-82.4484721370734,-7.284600962247623,7.284600962247623,53.065411179178994,8.118078107260034,,,,,,7.0,262.507126218582,,,
backward_elimination,2006,27,4,d_household_pm_lag1 | d_household_pm_lag2 | d_ageing_65_plus_lag1 | trend,-150.70617003087295,-85.69032969909549,-65.01584033177747,65.01584033177747,4227.059494047182,43.14079530948111,,,,,,7.0,255.19745701329532,,,
backward_elimination,2007,27,4,d_household_pm_lag1 | d_household_pm_lag2 | d_ageing_65_plus_lag1 | trend,-108.95783919290216,-95.23082926983534,-13.727009923066817,13.727009923066817,188.43080142797484,12.598460124346001,,,,,,7.0,262.32368030455564,,,
backward_elimination,2008,27,4,d_household_pm_lag1 | d_household_pm_lag2 | d_ageing_65_plus_lag1 | trend,-88.5379620947358,-105.84638717758997,17.30842508285417,17.30842508285417,299.58157884877545,19.54915685131099,,,,,,7.0,262.1828724130668,,,
backward_elimination,2009,27,4,d_household_pm_lag1 | d_household_pm_lag2 | d_ageing_65_plus_lag1 | trend,-86.79190861827783,-57.15840558436975,-29.633503033908077,29.633503033908077,878.1445020606392,34.14316323453618,,,,,,7.0,261.3079021022007,,,
backward_elimination,2010,27,4,d_household_pm_lag1 | d_household_pm_lag2 | d_ageing_65_plus_lag1 | trend,-91.64463053219151,-86.81421779022607,-4.830412741965446,4.830412741965446,23.33288725774214,5.270808244754386,,,,,,7.0,262.55686291633015,,,
backward_elimination,2011,27,4,d_household_pm_lag1 | d_household_pm_lag2 | d_ageing_65_plus_lag1 | trend,-93.5106857576302,-112.1638934394724,18.653207681842204,18.653207681842204,347.94215682193703,19.947674996405592,,,,,,7.0,262.0373557200311,,,
backward_elimination,2012,27,4,d_household_pm_lag1 | d_household_pm_lag2 | d_ageing_65_plus_lag1 | trend,-90.94008355707616,-71.07006177239276,-19.870021784683402,19.870021784683402,394.817765723793,21.849575025090562,,,,,,7.0,261.9558954386874,,,
backward_elimination,2013,27,4,d_household_pm_lag1 | d_household_pm_lag2 | d_ageing_65_plus_lag1 | trend,-75.44015958354521,-67.1830586331986,-8.257100950346612,8.257100950346612,68.17971610421492,10.945232613409829,,,,,,7.0,262.4860587726526,,,
backward_elimination,2014,27,4,d_household_pm_lag1 | d_household_pm_lag2 | d_ageing_65_plus_lag1 | trend,-64.27824095142887,-67.33317451118599,3.0549335597571172,3.0549335597571172,9.332619054530293,4.752671377652576,,,,,,7.0,262.57914338331153,,,
backward_elimination,2015,27,4,d_household_pm_lag1 | d_household_pm_lag2 | d_ageing_65_plus_lag1 | trend,-53.18677210322858,-64.90057650971073,11.713804406482154,11.713804406482154,137.21321367332072,22.023905462334113,,,,,,7.0,262.37744790066273,,,
backward_elimination,2016,27,4,d_household_pm_lag1 | d_household_pm_lag2 | d_ageing_65_plus_lag1 | trend,-33.78635602776217,-51.575683207690396,17.78932717992823,17.78932717992823,316.46016151453324,52.6523995819815,,,,,,7.0,262.05752896350384,,,
backward_elimination,2017,27,4,d_household_pm_lag1 | d_household_pm_lag2 | d_ageing_65_plus_lag1 | trend,-34.311114933573435,-46.00176064272068,11.690645709147248,11.690645709147248,136.67119709680296,34.072473983373676,,,,,,7.0,262.370825265068,,,
backward_elimination,2018,27,4,d_household_pm_lag1 | d_household_pm_lag2 | d_ageing_65_plus_lag1 | trend,-39.47299720698686,-41.0003889225704,1.5273917155835406,1.5273917155835406,2.3329254528332313,3.869459690568384,,,,,,7.0,262.59036125083253,,,
backward_elimination,2019,27,4,d_household_pm_lag1 | d_household_pm_lag2 | d_ageing_65_plus_lag1 | trend,-38.00549879155619,-29.20870062638602,-8.796798165170173,8.796798165170173,77.38365795874132,23.14611949554149,,,,,,7.0,262.4882556716451,,,
backward_elimination,2020,27,4,d_household_pm_lag1 | d_household_pm_lag2 | d_ageing_65_plus_lag1 | trend,-72.27101749706401,-28.79586958066384,-43.47514791640017,43.47514791640017,1890.0884863528738,60.15571583472771,,,,,,7.0,259.94981490611315,,,
random_forest,1993,27,5,d_household_pm_lag2 | trend | d_household_pm_lag1 | d_ageing_65_plus_lag1 | d_pm25_lag0,-17.86153650299184,13.310033657481423,-31.171570160473262,31.171570160473262,971.6667862693071,174.517853798591,,,,,,,,0.04076513596575976,d_household_pm_lag2,
random_forest,1994,27,5,d_household_pm_lag2 | trend | d_household_pm_lag1 | d_ageing_65_plus_lag1 | d_pm25_lag0,-21.03705894299992,0.008515984884780734,-21.0455749278847,21.0455749278847,442.9162240452091,100.04048087191207,,,,,,,,0.04079457620050751,d_household_pm_lag2,
random_forest,1995,27,5,d_household_pm_lag2 | trend | d_household_pm_lag1 | d_ageing_65_plus_lag1 | d_pm25_lag0,-20.03902206756038,-2.306004417145351,-17.73301765041503,17.73301765041503,314.45991498993095,88.49243037224673,,,,,,,,0.03862078391634734,d_household_pm_lag2,
random_forest,1996,27,5,d_household_pm_lag2 | trend | d_household_pm_lag1 | d_ageing_65_plus_lag1 | d_pm25_lag0,-19.217960152687738,-9.291808008867818,-9.92615214381992,9.92615214381992,98.52849638226078,51.65039403222872,,,,,,,,0.044826461869636354,d_household_pm_lag2,
random_forest,1997,27,5,d_household_pm_lag2 | trend | d_household_pm_lag1 | d_ageing_65_plus_lag1 | d_pm25_lag0,-16.549919086077807,0.8390979723708385,-17.389017058448644,17.389017058448644,302.3779142590179,105.07010317093759,,,,,,,,0.04007909355960795,d_household_pm_lag2,
random_forest,1998,27,5,d_household_pm_lag2 | trend | d_household_pm_lag1 | d_ageing_65_plus_lag1 | d_pm25_lag0,-2.391319081108122,10.23472694820488,-12.626046029313002,12.626046029313002,159.41703833433064,527.9950354204581,,,,,,,,0.0423473027990467,d_household_pm_lag2,
random_forest,1999,27,5,d_household_pm_lag2 | trend | d_household_pm_lag1 | d_ageing_65_plus_lag1 | d_pm25_lag0,7.468850138204743,34.56967571358644,-27.1008255753817,27.1008255753817,734.4547468672628,362.8513770380164,,,,,,,,0.045350027621617064,d_household_pm_lag2,
random_forest,2000,27,5,d_household_pm_lag2 | d_household_pm_lag1 | trend | d_ageing_65_plus_lag1 | d_pm25_lag0,32.81432734755754,-6.467822308035648,39.28214965559319,39.28214965559319,1543.08728156442,119.71036078091987,,,,,,,,0.035832474292643475,d_household_pm_lag2,
random_forest,2001,27,5,d_household_pm_lag2 | trend | d_household_pm_lag1 | d_ageing_65_plus_lag1 | d_pm25_lag0,15.718581610697129,-25.133600486676755,40.852182097373884,40.852182097373884,1668.9007821169953,259.8973820231485,,,,,,,,0.04441082670357312,d_household_pm_lag2,
random_forest,2002,27,5,d_household_pm_lag2 | trend | d_household_pm_lag1 | d_ageing_65_plus_lag1 | d_pm25_lag0,-0.4135780386586702,-33.03200320824715,32.61842516958848,32.61842516958848,1063.961660544043,7886.885211646542,,,,,,,,0.04180184657122356,d_household_pm_lag2,
random_forest,2003,27,5,d_household_pm_lag2 | trend | d_household_pm_lag1 | d_ageing_65_plus_lag1 | d_pm25_lag0,-2.3701035241242607,-50.79636287409527,48.42625934997101,48.42625934997101,2345.102594630655,2043.212832564528,,,,,,,,0.041744104988712394,d_household_pm_lag2,
random_forest,2004,27,5,d_household_pm_lag2 | trend | d_household_pm_lag1 | d_ageing_65_plus_lag1 | d_pm25_lag0,-17.107920671110605,-59.217836248236544,42.10991557712594,42.10991557712594,1773.2449899126739,246.14280359760556,,,,,,,,0.03815203888512303,d_household_pm_lag2,
random_forest,2005,27,5,d_household_pm_lag2 | trend | d_household_pm_lag1 | d_ageing_65_plus_lag1 | d_pm25_lag0,-89.73307309932102,-82.06356187764914,-7.669511221671883,7.669511221671883,58.821402379350936,8.547028377355232,,,,,,,,0.034962860037580534,d_household_pm_lag2,
random_forest,2006,27,5,trend | d_household_pm_lag2 | d_household_pm_lag1 | d_ageing_65_plus_lag1 | d_pm25_lag1,-150.70617003087295,-85.50971483050027,-65.19645520037268,65.19645520037268,4250.577770694202,43.26064101225374,,,,,,,,0.026611251259264057,trend,
random_forest,2007,27,5,d_household_pm_lag2 | trend | d_household_pm_lag1 | d_ageing_65_plus_lag1 | d_pm25_lag0,-108.95783919290216,-95.81388445189556,-13.143954741006596,13.143954741006596,172.76354623362977,12.06334013079697,,,,,,,,0.04142258657732321,d_household_pm_lag2,
random_forest,2008,27,5,d_household_pm_lag2 | trend | d_household_pm_lag1 | d_ageing_65_plus_lag1 | d_pm25_lag0,-88.5379620947358,-102.94522299757713,14.40726090284133,14.40726090284133,207.56916672254036,16.27241079642824,,,,,,,,0.03730762604721655,d_household_pm_lag2,
random_forest,2009,27,5,d_household_pm_lag2 | trend | d_household_pm_lag1 | d_ageing_65_plus_lag1 | d_pm25_lag0,-86.79190861827783,-54.2198285446229,-32.57208007365493,32.57208007365493,1060.9404003245886,37.52893627090424,,,,,,,,0.04025347812286074,d_household_pm_lag2,
random_forest,2010,27,5,d_household_pm_lag2 | trend | d_household_pm_lag1 | d_ageing_65_plus_lag1 | d_pm25_lag0,-91.64463053219151,-84.29245903508838,-7.352171497103129,7.352171497103129,54.05442572281566,8.022479281555476,,,,,,,,0.042348042304515915,d_household_pm_lag2,
random_forest,2011,27,5,d_household_pm_lag2 | trend | d_household_pm_lag1 | d_ageing_65_plus_lag1 | d_pm25_lag0,-93.5106857576302,-121.19989408869932,27.689208331069125,27.689208331069125,766.6922580013478,29.610742458713883,,,,,,,,0.04243098404725665,d_household_pm_lag2,
random_forest,2012,27,5,d_household_pm_lag2 | trend | d_household_pm_lag1 | d_ageing_65_plus_lag1 | d_pm25_lag0,-90.94008355707616,-58.05778424552837,-32.8822993115478,32.8822993115478,1081.2456080142167,36.15820221993757,,,,,,,,0.04232664210183519,d_household_pm_lag2,
random_forest,2013,27,5,d_household_pm_lag2 | trend | d_household_pm_lag1 | d_ageing_65_plus_lag1 | d_pm25_lag0,-75.44015958354521,-73.59049964778407,-1.8496599357611387,1.8496599357611387,3.4212418779599,2.4518239966244466,,,,,,,,0.037459712391799266,d_household_pm_lag2,
random_forest,2014,27,5,d_household_pm_lag1 | d_household_pm_lag2 | trend | d_ageing_65_plus_lag1 | d_pm25_lag0,-64.27824095142887,-71.19346062499409,6.915219673565218,6.915219673565218,47.820263133663445,10.758259048797907,,,,,,,,0.038505171721193956,d_household_pm_lag1,
random_forest,2015,27,5,d_household_pm_lag2 | trend | d_household_pm_lag1 | d_ageing_65_plus_lag1 | d_pm25_lag0,-53.18677210322858,-62.72612541967459,9.539353316446011,9.539353316446011,90.9992616959895,17.93557484167562,,,,,,,,0.038349066038081095,d_household_pm_lag2,
random_forest,2016,27,5,trend | d_household_pm_lag2 | d_household_pm_lag1 | d_ageing_65_plus_lag1 | d_pm25_lag0,-33.78635602776217,-49.225178919836075,15.438822892073908,15.438822892073908,238.35725229282536,45.69543658211577,,,,,,,,0.03588284019867241,trend,
random_forest,2017,27,5,trend | d_household_pm_lag2 | d_household_pm_lag1 | d_ageing_65_plus_lag1 | d_pm25_lag0,-34.311114933573435,-46.582102551590324,12.270987618016889,12.270987618016889,150.5771371215238,35.76388479877034,,,,,,,,0.03882598014182853,trend,
random_forest,2018,27,5,d_household_pm_lag2 | trend | d_household_pm_lag1 | d_ageing_65_plus_lag1 | d_pm25_lag0,-39.47299720698686,-37.70389373435855,-1.7691034726283092,1.7691034726283092,3.129727096865543,4.481806799092448,,,,,,,,0.03935185476430657,d_household_pm_lag2,
random_forest,2019,27,5,d_household_pm_lag2 | trend | d_household_pm_lag1 | d_ageing_65_plus_lag1 | d_pm25_lag0,-38.00549879155619,-32.800662092475754,-5.204836699080438,5.204836699080438,27.090325064094554,13.694956952483976,,,,,,,,0.04321973251901183,d_household_pm_lag2,
random_forest,2020,27,5,d_household_pm_lag2 | d_household_pm_lag1 | trend | d_ageing_65_plus_lag1 | d_pm25_lag0,-72.27101749706401,-28.300240364943313,-43.970777132120695,43.970777132120695,1933.4292416026283,60.84150833203227,,,,,,,,0.04172595008587175,d_household_pm_lag2,
vif_filtering,1993,27,8,d_pm25_lag0 | d_pm25_lag1 | d_pm25_lag2 | d_gov_health_exp_pct_gdp_lag0 | d_gov_health_exp_pct_gdp_lag1 | d_gov_health_exp_pct_gdp_lag2 | d_household_pm_lag1 | trend,-17.86153650299184,37.78231378397182,-55.64385028696366,55.64385028696366,3096.238074758026,311.528911735243,,,,,,3.0,,,,3.3617583572521066
vif_filtering,1994,27,8,d_pm25_lag0 | d_pm25_lag1 | d_pm25_lag2 | d_gov_health_exp_pct_gdp_lag0 | d_gov_health_exp_pct_gdp_lag1 | d_gov_health_exp_pct_gdp_lag2 | d_household_pm_lag1 | trend,-21.03705894299992,17.033782678110235,-38.070841621110155,38.070841621110155,1449.3889817396532,180.97036151423737,,,,,,3.0,,,,3.461373592228906
vif_filtering,1995,27,8,d_pm25_lag0 | d_pm25_lag1 | d_pm25_lag2 | d_gov_health_exp_pct_gdp_lag0 | d_gov_health_exp_pct_gdp_lag1 | d_gov_health_exp_pct_gdp_lag2 | d_household_pm_lag1 | trend,-20.03902206756038,17.74991969557209,-37.78894176313247,37.78894176313247,1428.0041195774174,188.57677603093245,,,,,,3.0,,,,3.450356413020832
vif_filtering,1996,27,8,d_pm25_lag0 | d_pm25_lag1 | d_pm25_lag2 | d_gov_health_exp_pct_gdp_lag0 | d_gov_health_exp_pct_gdp_lag1 | d_gov_health_exp_pct_gdp_lag2 | d_household_pm_lag1 | trend,-19.217960152687738,-10.175899850729117,-9.042060301958621,9.042060301958621,81.75885450425602,47.05005229545155,,,,,,3.0,,,,3.4974077822346437
vif_filtering,1997,27,8,d_pm25_lag0 | d_pm25_lag1 | d_pm25_lag2 | d_gov_health_exp_pct_gdp_lag0 | d_gov_health_exp_pct_gdp_lag1 | d_gov_health_exp_pct_gdp_lag2 | d_household_pm_lag1 | trend,-16.549919086077807,-21.435255698837533,4.885336612759726,4.885336612759726,23.866513819970674,29.518794547276002,,,,,,3.0,,,,3.512419021828721
vif_filtering,1998,27,8,d_pm25_lag0 | d_pm25_lag1 | d_pm25_lag2 | d_gov_health_exp_pct_gdp_lag0 | d_gov_health_exp_pct_gdp_lag1 | d_gov_health_exp_pct_gdp_lag2 | d_household_pm_lag1 | trend,-2.391319081108122,-16.042860976757737,13.651541895649615,13.651541895649615,186.36459612867668,570.8791437955481,,,,,,3.0,,,,3.4990361783673047
vif_filtering,1999,27,8,d_pm25_lag0 | d_pm25_lag1 | d_pm25_lag2 | d_gov_health_exp_pct_gdp_lag0 | d_gov_health_exp_pct_gdp_lag1 | d_gov_health_exp_pct_gdp_lag2 | d_household_pm_lag1 | trend,7.468850138204743,-14.542403876428278,22.01125401463302,22.01125401463302,484.4953032966983,294.7073994970232,,,,,,3.0,,,,3.508694516054299
vif_filtering,2000,27,8,d_pm25_lag0 | d_pm25_lag1 | d_pm25_lag2 | d_gov_health_exp_pct_gdp_lag0 | d_gov_health_exp_pct_gdp_lag1 | d_gov_health_exp_pct_gdp_lag2 | d_household_pm_lag1 | trend,32.81432734755754,-23.072696767341146,55.88702411489868,55.88702411489868,3123.3594644192667,170.31287438247156,,,,,,3.0,,,,3.590196795488288
vif_filtering,2001,27,8,d_pm25_lag0 | d_pm25_lag1 | d_pm25_lag2 | d_gov_health_exp_pct_gdp_lag0 | d_gov_health_exp_pct_gdp_lag1 | d_gov_health_exp_pct_gdp_lag2 | d_household_pm_lag1 | trend,15.718581610697129,-38.36071287986844,54.079294490565566,54.079294490565566,2924.570092597315,344.0469110378409,,,,,,3.0,,,,3.5371445083174335
vif_filtering,2002,27,8,d_pm25_lag0 | d_pm25_lag1 | d_pm25_lag2 | d_gov_health_exp_pct_gdp_lag0 | d_gov_health_exp_pct_gdp_lag1 | d_gov_health_exp_pct_gdp_lag2 | d_household_pm_lag1 | trend,-0.4135780386586702,-27.019702273367074,26.606124234708403,26.606124234708403,707.8858467927378,6433.156925110979,,,,,,3.0,,,,3.511800377276708
vif_filtering,2003,27,8,d_pm25_lag0 | d_pm25_lag1 | d_pm25_lag2 | d_gov_health_exp_pct_gdp_lag0 | d_gov_health_exp_pct_gdp_lag1 | d_gov_health_exp_pct_gdp_lag2 | d_household_pm_lag1 | trend,-2.3701035241242607,-55.42047550315738,53.050371979033116,53.050371979033116,2814.341967113782,2238.3145478269735,,,,,,3.0,,,,3.5158477688055454
vif_filtering,2004,27,8,d_pm25_lag0 | d_pm25_lag1 | d_pm25_lag2 | d_gov_health_exp_pct_gdp_lag0 | d_gov_health_exp_pct_gdp_lag1 | d_gov_health_exp_pct_gdp_lag2 | d_household_pm_lag1 | trend,-17.107920671110605,-44.98301780571353,27.875097134602925,27.875097134602925,777.0210402635482,162.9367920887918,,,,,,3.0,,,,3.5748744640293277
vif_filtering,2005,27,8,d_pm25_lag0 | d_pm25_lag1 | d_pm25_lag2 | d_gov_health_exp_pct_gdp_lag0 | d_gov_health_exp_pct_gdp_lag1 | d_gov_health_exp_pct_gdp_lag2 | d_household_pm_lag1 | trend,-89.73307309932102,-60.165996018692276,-29.567077080628742,29.567077080628742,874.2120470918414,32.95003286904309,,,,,,3.0,,,,3.748537135302045
vif_filtering,2006,27,8,d_pm25_lag0 | d_pm25_lag1 | d_pm25_lag2 | d_gov_health_exp_pct_gdp_lag0 | d_gov_health_exp_pct_gdp_lag1 | d_gov_health_exp_pct_gdp_lag2 | d_household_pm_lag1 | trend,-150.70617003087295,-78.84789383352765,-71.8582761973453,71.8582761973453,5163.611858053962,47.68104463315919,,,,,,3.0,,,,3.496160766519381
vif_filtering,2007,27,8,d_pm25_lag0 | d_pm25_lag1 | d_pm25_lag2 | d_gov_health_exp_pct_gdp_lag0 | d_gov_health_exp_pct_gdp_lag1 | d_gov_health_exp_pct_gdp_lag2 | d_household_pm_lag1 | trend,-108.95783919290216,-106.02692431469804,-2.9309148782041206,2.9309148782041206,8.590262023278274,2.6899531964975396,,,,,,3.0,,,,3.2619106273641547
vif_filtering,2008,27,8,d_pm25_lag0 | d_pm25_lag1 | d_pm25_lag2 | d_gov_health_exp_pct_gdp_lag0 | d_gov_health_exp_pct_gdp_lag1 | d_gov_health_exp_pct_gdp_lag2 | d_household_pm_lag1 | trend,-88.5379620947358,-95.26198317008624,6.724021075350436,6.724021075350436,45.21245942175683,7.594506261795048,,,,,,3.0,,,,3.366860880175392
vif_filtering,2009,27,8,d_pm25_lag0 | d_pm25_lag1 | d_pm25_lag2 | d_gov_health_exp_pct_gdp_lag0 | d_gov_health_exp_pct_gdp_lag1 | d_gov_health_exp_pct_gdp_lag2 | d_household_pm_lag1 | trend,-86.79190861827783,-75.60903406723429,-11.18287455104354,11.18287455104354,125.05668322437725,12.884697121049943,,,,,,3.0,,,,3.4975261260475685
vif_filtering,2010,27,8,d_pm25_lag0 | d_pm25_lag1 | d_pm25_lag2 | d_gov_health_exp_pct_gdp_lag0 | d_gov_health_exp_pct_gdp_lag1 | d_gov_health_exp_pct_gdp_lag2 | d_household_pm_lag1 | trend,-91.64463053219151,-40.650227425268035,-50.99440310692348,50.99440310692348,2600.429148231407,55.64363434146963,,,,,,3.0,,,,3.706994239159189
vif_filtering,2011,27,8,d_pm25_lag0 | d_pm25_lag1 | d_pm25_lag2 | d_gov_health_exp_pct_gdp_lag0 | d_gov_health_exp_pct_gdp_lag1 | d_gov_health_exp_pct_gdp_lag2 | d_household_pm_lag1 | trend,-93.5106857576302,-82.23639016714162,-11.274295590488578,11.274295590488578,127.10974106171018,12.056692236981727,,,,,,3.0,,,,3.324103303084002
vif_filtering,2012,27,8,d_pm25_lag0 | d_pm25_lag1 | d_pm25_lag2 | d_gov_health_exp_pct_gdp_lag0 | d_gov_health_exp_pct_gdp_lag1 | d_gov_health_exp_pct_gdp_lag2 | d_household_pm_lag1 | trend,-90.94008355707616,-72.96256392633049,-17.977519630745675,17.977519630745675,323.19121207384615,19.768532123090203,,,,,,3.0,,,,3.507813561464101
vif_filtering,2013,27,8,d_pm25_lag0 | d_pm25_lag1 | d_pm25_lag2 | d_gov_health_exp_pct_gdp_lag0 | d_gov_health_exp_pct_gdp_lag1 | d_gov_health_exp_pct_gdp_lag2 | d_household_pm_lag2 | trend,-75.44015958354521,-93.0089744561388,17.56881487259359,17.56881487259359,308.66325602746576,23.28841159613036,,,,,,3.0,,,,4.505586994672072
vif_filtering,2014,27,8,d_pm25_lag0 | d_pm25_lag1 | d_pm25_lag2 | d_gov_health_exp_pct_gdp_lag0 | d_gov_health_exp_pct_gdp_lag1 | d_gov_health_exp_pct_gdp_lag2 | d_household_pm_lag1 | trend,-64.27824095142887,-107.4890130591847,43.21077210775583,43.21077210775583,1867.170826148409,67.22457159399798,,,,,,3.0,,,,4.335363111056053
vif_filtering,2015,27,8,d_pm25_lag0 | d_pm25_lag1 | d_pm25_lag2 | d_gov_health_exp_pct_gdp_lag0 | d_gov_health_exp_pct_gdp_lag1 | d_gov_health_exp_pct_gdp_lag2 | d_household_pm_lag1 | trend,-53.18677210322858,7.378204917667242,-60.56497702089582,60.56497702089582,3668.1164415416383,113.87225549869262,,,,,,3.0,,,,5.22484295578533
vif_filtering,2016,27,8,d_pm25_lag0 | d_pm25_lag1 | d_pm25_lag2 | d_gov_health_exp_pct_gdp_lag0 | d_gov_health_exp_pct_gdp_lag1 | d_gov_health_exp_pct_gdp_lag2 | d_household_pm_lag1 | trend,-33.78635602776217,-28.951277812119823,-4.835078215642344,4.835078215642344,23.377981351379155,14.310741920997257,,,,,,3.0,,,,3.4388525290660854
vif_filtering,2017,27,8,d_pm25_lag0 | d_pm25_lag1 | d_pm25_lag2 | d_gov_health_exp_pct_gdp_lag0 | d_gov_health_exp_pct_gdp_lag1 | d_gov_health_exp_pct_gdp_lag2 | d_household_pm_lag1 | trend,-34.311114933573435,-42.89122695162268,8.580112018049242,8.580112018049242,73.61832224227304,25.006800375506305,,,,,,3.0,,,,3.5886251056227563
vif_filtering,2018,27,8,d_pm25_lag0 | d_pm25_lag1 | d_pm25_lag2 | d_gov_health_exp_pct_gdp_lag0 | d_gov_health_exp_pct_gdp_lag1 | d_gov_health_exp_pct_gdp_lag2 | d_household_pm_lag1 | trend,-39.47299720698686,-66.82486942004279,27.351872213055927,27.351872213055927,748.1249135593409,69.29261558130312,,,,,,3.0,,,,3.550774919276565
vif_filtering,2019,27,8,d_pm25_lag0 | d_pm25_lag1 | d_pm25_lag2 | d_gov_health_exp_pct_gdp_lag0 | d_gov_health_exp_pct_gdp_lag1 | d_gov_health_exp_pct_gdp_lag2 | d_household_pm_lag1 | trend,-38.00549879155619,-58.04255472910412,20.037055937547926,20.037055937547926,401.4836106444246,52.72146551066875,,,,,,3.0,,,,3.29273698117988
vif_filtering,2020,27,8,d_pm25_lag0 | d_pm25_lag1 | d_pm25_lag2 | d_gov_health_exp_pct_gdp_lag0 | d_gov_health_exp_pct_gdp_lag1 | d_gov_health_exp_pct_gdp_lag2 | d_household_pm_lag1 | trend,-72.27101749706401,-26.611709225511564,-45.65930827155245,45.65930827155245,2084.7724318366577,63.1778959987762,,,,,,3.0,,,,3.4614205557640725
